id, honorary, accessories, mouth, eyes, hats and hair, nose, body, background
0, None, Black Chain, Smirk, Dark Clown, Black Stringy, None, Skin, Dystopia
1, None, None, Smirk, 3 D Glasses, Black Knitted Hat, Clown Nose, Pale, Contrast
2, None, Pipe Animated, None, Matrix Shades, None, None, Pale, Copacabana
3, None, None, None, Pirate, Red Punk, None, Undead, Zen Garden
4, None, None, Ok, None, Red Clown Hair, None, Skin, Dystopia
5, None, Pipe Animated, Joker, Pirate, Red Clown Hair, None, Pale, Red Light District
6, None, Earring, Red, Matrix Shades, Black Knitted Hat, Clown Nose, Pale, Contrast
7, None, None, None, Matrix Shades, Black Stringy, Clown Nose, Undead, Zen Garden
8, None, Black Chain, Red, Big Shades, Clown Orange, Clown Nose, Skin, Dystopia
9, None, None, Dark Beard, Green Glasses, Punk Black, Clown Nose, Skin, Red Light District
10, None, Earpiece, Red, Pirate, Black Mohawk, Clown Nose, Skin, Copacabana
11, None, Black Scarf, Handlebar, Green Clown, Black Knitted Hat, None, Skin, Copacabana
12, None, Black Chain, Talk, Dark Clown, Black Hair, Clown Nose, Skin, Zen Garden
13, None, None, Black Beard, Pirate, Pink Bandana, None, Tan, Copacabana
14, None, Clown Nose, Red, Eyemask Red Eyes, Hoodie, None, Pale, Red Light District
15, None, Jay Z, Ok, Dark Clown, Black Mohawk, None, Zombie, Red Light District
16, None, Black Chain, Smirk, Dark Clown, Black Knitted Hat, None, Pale, Zen Garden
17, None, Pipe Animated, Ok, Green Clown, Punk Black, None, Pale, Red Light District
18, None, Vape Animated, Red, Dark Clown, Red Clown Hair, Clown Nose, Pale, Zen Garden
19, None, None, None, Green Glasses, Clown Orange, None, Tan, Night Vibe
20, Golden Phunk, Black Chain, Red, None, Red Clown Hair, Clown Nose, Pale, Contrast
21, None, None, None, 3 D Glasses, Black Hair, None, Tan, Contrast
22, None, Black Chain, Smirk, Dark Clown, Black Stringy, Clown Nose, Pale, Dystopia
23, None, None, Dark Beard, Golden Glasses, None, None, Undead, Copacabana
24, None, Black Chain, None, Matrix Shades, Pink Bandana, Clown Nose, Skin, Copacabana
25, None, Jay Z, Mustache, Green Clown, Black Stringy, None, Pale, Night Vibe
26, None, Clown Nose, Ok, Green Clown, Black Knitted Hat, Clown Nose, Tan, Contrast
27, None, Black Chain, Dark Beard, Green Clown, Black Hair, None, Pale, Copacabana
28, None, Jay Z, Black Beard, Green Glasses, Red Clown Hair, None, Alien, Zen Garden
29, None, Black Scarf, Dark Beard, Matrix Shades, Headband, Clown Nose, Skin, Dystopia
30, None, None, None, Eyemask Red Eyes, Black Knitted Hat, None, Undead, Contrast
31, None, Black Chain, Smirk, Green Clown, Black Wicked, None, Skin, Red Light District
32, None, Pipe Animated, Talk, Green Clown, Red Clown Hair, None, Tan, Dystopia
33, None, Pipe Animated, None, Eyemask Red Eyes, Red Punk, None, Skin, Night Vibe
34, None, Clown Nose, Red, VR, Red Punk, None, Tan, Copacabana
35, None, Clown Nose, None, Green Clown, Red Punk, Clown Nose, Pale, Night Vibe
36, None, Black Scarf, Ok, None, Black Knitted Hat, None, Undead, Red Light District
37, None, Black Chain, Red, Green Glasses, Clown Orange, Clown Nose, Tan, Contrast
38, None, Vape Animated, None, Matrix Shades, Red Punk, None, Tan, Dystopia
39, None, Black Chain, Disco Beard, None, Red Clown Hair, None, Tan, Night Vibe
